rt,repsylviagarcia,one,many,names,georgefloyd,s,murder,needs,call,action,put,end,racism,police,brutality,amp,white,supremacy,america,blacklivesmatter,saytheirnames,sayhername,
now,real,autopsy,acknowledges,truth,georgefloyd,s,cause,death,asphyxiation,killed,streets,minneapolis,front,eyes,world,want,law,enforcement,accountability,
every,day,dealing,pain,constituents,death,georgefloyd,calling,weak,weak,confronting,humanity,people,violence,suppress,protests,guaranteed,constitution,unacceptable,
potus,just,cited,insurrection,act,going,cause,blood,death,streets,first,lose,georgefloyd,criminal,acts,now,potus,going,proceed,people,expressing,views,protected,constitution,
daughter,martyred,hero,civil,rights,movement,reflects,georgefloyd,murder,
today,weremember,american,lives,lost,covid,senbrianschatz,
terrible,virus,amp,pray,soon,know,ll,meet,inez,someday,neighbor,david,sent,beautiful,reflection,losing,wife,ve,lost,loved,ones,please,know,mourn,lament,k,dayofmourning,
frankly,s,never,ending,fight,today,face,new,challenges,w,covid,pandemic,seniors,veterans,residents,across,indian,country,communities,color,disproportionately,affected,pandemic,
rt,housedemocrats,united,states,lost,americans,covid,must,remember,mourn,honor,lives,dayofmourning,
rt,offkiltershow,new,pod,automatic,triggers,essential,covid,economic,relief,rebeccavallas,sits,w,repdonbeyer,vice,chair,jecdems,amp,equitablegrowth,s,hboushey,latest,offkiltershow,s,covid,series,syllabus,
great,article,fbonews,friend,jim,o,connor,employing,innovative,research,practices,increase,efficiency,ethanol,industry,m,grateful,jim,dedication,agriculture,state,rural,communities,
signed,onto,letter,secretarysonny,asking,provide,flexibility,usda,s,cfap,program,livestock,producers,sold,animals,april,can,compensated,losses,ve,incurred,due,historically,low,prices,covid,pandemic,
rt,keycnewsnow,rephagedorn,sen,chuckgrassley,share,reactions,georgefloyd,protests,happening,minnesota,iowa,
happened,georgefloyd,horrific,act,police,brutality,people,around,world,rightly,horrified,engaging,looting,violence,answer,answer,criminal,justice,system,hold,officers,accountable,
foxnews,sen,cruz,murder,charge,death,georgefloyd,wrong,police,officer,carry,brutality,like,
legitimate,law,enforcement,purpose,saw,georgefloyd,s,case,clearly,police,brutality,conduct,expect,officer,now,criminal,justice,system,must,hold,officers,accountable,actions,
controlled,chinese,communist,government,parroted,propaganda,covid,went,global,realdonaldtrump,made,right,decision,withdrawing,u,s,funding,america,going,support,mouthpiece,communist,propaganda,
rt,sentedcruz,legitimate,law,enforcement,purpose,saw,georgefloyd,s,case,clearly,police,brutality,conduct,expect,officer,now,criminal,justice,system,must,hold,officers,accountable,actions,
unity,peaceful,protest,horrific,murder,georgefloyd,four,rogue,minneapolis,officers,hijacked,socialist,groups,like,antifa,violence,detracts,horrible,injustice,inflicted,upon,george,floyd,
today,taking,moment,silence,noon,remember,lives,lost,country,due,covid,able,ask,join,help,keep,memories,passed,alive,dayofmourning,
rt,whipclyburn,noon,today,nation,pause,moment,silence,remember,lives,lost,covid,lost,loved,ones,country,stands,difficult,time,dayofmourning,
must,remember,names,blacklivesmatter,
must,confront,racial,inequality,systematic,injustice,society,must,listen,must,show,compassion,must,use,opportunity,work,towards,change,together,blacklivesmatter,
peaceful,protestors,amp,allies,ve,horrified,lawless,destruction,happening,across,america,last,night,mostly,peaceful,protest,hundreds,el,paso,came,together,solidarity,denounce,racism,amp,mourn,death,pray,justice,amp,peace,blacklivesmatter,
incredibly,painful,watch,read,every,american,needs,understand,brutality,killed,georgefloyd,must,come,together,country,demand,accountability,reform,injustice,within,system,eviscerate,racism,cancer,america,
deeply,saddened,violence,impacted,community,weekend,actions,opportunists,detract,message,protested,peacefully,responsibly,blacklivesmatter,
rt,govricketts,watch,now,gov,ricketts,provides,update,state,s,covid,response,nebraska,department,health,human,services,
georgefloyd,murdered,america,needs,president,rise,fray,bridge,divisions,heal,nation,hide,bunker,blacklivesmatter,justice,must,served,
noon,today,ask,americans,pause,moment,silence,may,grieve,nation,victims,covid,lost,loved,ones,stand,difficult,time,dayofmourning,
unless,address,police,able,operate,impunity,commit,acts,violence,unarmed,citizens,consequences,never,going,make,real,progress,solutions,
officialmlk,spoke,nation,cnn,slate,police,reform,bills,thank,friend,amp,let,s,keep,good,fight,blacklivesmatter,
rt,lgbteqcaucus,pridemonth,different,still,reason,hope,
s,name,georgefloyd,
rt,congressmanhice,tragic,deaths,georgefloyd,amp,many,others,reveal,spiritual,problem,america,s,heart,racism,sin,equal,god,s,eyes,peaceful,protests,right,violence,unacceptable,must,restore,love,god,amp,
noon,ll,joining,senators,chriscoons,brianschatz,senatedems,colleagues,moment,silence,american,lives,lost,covid,support,millions,loved,ones,thrown,mourning,weremember,
weremember,don,welge,successful,businessman,us,army,veteran,remembered,family,earth,humble,eternal,optimist,passed,april,age,may,rest,peace,
weremember,josephine,tapiru,amp,luis,tapiro,jr,josephine,nurse,park,view,rehab,edgewater,luis,jr,student,harold,washington,college,died,days,apart,josephine,luis,jr,underlying,health,conditions,may,rest,peace,
weremember,jim,schwark,bonefield,il,jim,passionate,cubs,fan,loved,gardening,wife,elizabeth,golfing,son,james,breakfast,daughter,caitlin,egg,harbor,amp,visiting,daughter,megan,virginia,may,rest,peace,
weremember,patricia,s,sister,wanda,baily,crete,il,succumbed,virus,nine,days,sister,wanda,s,son,tarah,said,mom,always,life,party,go,person,didn,t,deserve,die,alone,may,rest,peace,
weremember,patricia,frieson,known,aunt,pat,family,retired,nurse,loved,singing,friends,members,tightknit,family,progressive,beulah,pentecostal,church,chicago,s,south,side,may,rest,peace,
today,weremember,american,lives,lost,covid,moment,silence,among,illinoisans,today,mourn,loss,
today,taking,moment,silence,noon,remember,lives,lost,country,due,covid,able,ask,join,help,keep,memories,passed,alive,dayofmourning,
bus,drivers,among,frontline,heroes,public,health,crisis,deserve,thanks,pleased,announce,ridecarta,receive,million,federal,grant,cares,act,help,respond,covid,safely,fulfilling,transportation,needs,
noon,today,nation,pause,moment,silence,remember,lives,lost,covid,lost,loved,ones,country,stands,difficult,time,dayofmourning,
please,pause,moment,silence,remember,lives,lost,country,covid,dayofmourning,
lives,lost,u,s,covid,aren,t,just,statistic,mothers,fathers,grandparents,friends,neighbors,colleagues,lost,loved,ones,stand,difficult,time,dayofmourning,
month,june,honor,lgbtq,americans,continue,integral,part,american,history,let,us,continue,celebrate,take,pride,nation,s,diversity,work,build,bright,future,americans,pridemonth,
today,observe,national,dayofmourning,plus,lives,lost,covid,including,nj,honor,nurses,doctors,frontline,workers,family,friends,neighbors,impacted,never,forgotten,
congratulations,judge,badalamenti,confirmed,us,district,court,middle,district,florida,governor,proud,appoint,amp,know,ll,continue,uphold,constitution,serve,nation,state,well,
need,channel,anger,outrage,action,change,us,especially,us,benefit,racism,oppression,need,look,deep,ask,can,listen,learn,act,blacklivesmatter,
georgefloyd,looked,like,d,still,alive,today,sickening,wrong,today,worcester,community,came,together,united,peaceful,protest,demand,end,systemic,racism,country,
today,observe,june,st,national,day,mourning,lament,remember,americans,died,due,covid,honor,memories,passed,dayofmourning,
doctors,nurses,bus,drivers,cashiers,mothers,fathers,siblings,grandparents,aunts,uncles,cousins,friends,neighbors,colleagues,lives,lost,never,forgotten,dayofmourning,
tomorrow,pm,join,virtual,town,hall,sbagov,ct,district,director,mark,hayward,discussing,latest,covid,relief,small,businesses,can,watch,virtual,event,using,link,
testing,vital,keeping,communities,safe,covid,especially,black,latinx,communities,virus,hit,hardest,thank,hartfordhealthc,partners,making,free,easy,convenient,testing,site,possible,
farmers,operation,directly,impacted,covid,make,sure,apply,relief,usda,s,coronavirus,food,assistance,program,info,visit,
must,justice,george,floyd,right,now,work,together,friends,neighbors,one,nation,toward,solutions,recurring,cases,iowans,found,place,start,
huykehector,anakasparian,don,t,just,tweet,tell,us,need,fix,us,can,express,outrage,need,solutions,blacklivesmatter,
overlook,impact,coronavirus,latino,communities,amp,disproportionate,households,reporting,symptoms,covid,data,needed,assistance,amp,protections,minority,workers,put,risk,frontline,jobs,
years,ago,lgbtq,americans,stood,stonewall,spoke,discrimination,amp,injustice,mark,pridemonth,pay,tribute,gay,rights,movement,amp,recommit,unfinished,work,fight,equality,civil,rights,
last,week,surpassed,tragic,painful,milestone,innocent,lives,lost,forever,covid,week,lose,thousands,today,weremember,moment,silence,honoring,lives,amp,reflecting,dark,chapter,history,
senatordurbin,amp,calling,investigation,regarding,concerns,ice,detainees,amp,staff,pulaski,county,detention,center,il,facility,lacks,layout,social,distancing,amp,seen,rapid,spread,covid,
georgefloyd,can,t,breathe,anymore,us,lucky,enough,still,today,use,every,breath,fight,justice,robbed,corner,chicago,avenue,east,th,street,minneapolis,op,ed,cnn,
rt,senatedems,re,holding,moment,silence,remember,american,lives,lost,covid,weremember,
rt,senwhitehouse,today,pause,honor,american,lives,including,rhode,islanders,ve,tragically,lost,covid,many,families,grieve,solitude,weremember,
time,almost,unimaginable,pain,essential,pause,honor,every,life,lost,covid,amp,grieve,together,please,consider,participating,national,moment,silence,today,noon,weremember,
rt,senatorshaheen,weremember,americans,lost,lives,covid,behind,staggering,death,toll,mourning,loss,loved,ones,encourage,granite,staters,join,honoring,impacted,w,national,moment,silence,today,noon,
rt,senfeinstein,today,nation,joining,together,moment,silence,honor,coronavirus,victims,see,anger,frustration,spread,across,country,s,important,now,ever,come,together,show,can,stand,one,nation,united,
rt,pattymurray,join,others,across,country,tomorrow,monday,june,pm,et,pt,moment,silence,remember,american,lives,lost,coronavirus,weremember,
rt,pattymurray,amid,deep,pain,anger,see,throughout,country,today,weremember,amp,honor,loved,ones,lost,coronavirus,memory,let,s,forget,take,care,
rt,senbobcasey,noon,ll,joining,senators,chriscoons,brianschatz,senatedems,colleagues,moment,silence,american,lives,lost,covid,support,millions,loved,ones,thrown,mourning,weremember,
rt,senduckworth,last,week,surpassed,tragic,painful,milestone,innocent,lives,lost,forever,covid,week,lose,thousands,today,weremember,moment,silence,honoring,lives,amp,reflecting,dark,chapter,history,
rt,senschumer,re,recognizing,moment,silence,remember,american,lives,ve,lost,covid,parents,children,family,members,friends,people,new,york,across,country,re,praying,families,weremember,
rt,amprog,today,weremember,american,lives,lost,covid,mourn,communities,color,disproportionately,impacted,virus,thank,health,care,workers,risk,lives,caring,sick,pm,pause,feed,national,moment,silence,
today,weremember,american,lives,lost,covid,hawai,mourn,loss,
lives,lost,country,covid,today,honor,doctors,nurses,bus,drivers,grocery,store,workers,mother,fathers,siblings,friends,neighbors,loved,ones,lives,never,forgotten,lament,k,dayofmourning,
north,texans,tragically,lost,many,friends,family,neighbors,covid,join,ct,today,moment,silence,ll,honor,lives,ve,lost,virus,pledge,work,together,save,lives,dayofmourning,lament,k,
amid,deep,pain,anger,see,throughout,country,today,weremember,amp,honor,loved,ones,lost,coronavirus,memory,let,s,forget,take,care,
pridemonth,may,look,bit,different,year,fight,toward,equality,endures,lgbtqia,community,many,washington,state,across,country,know,always,ally,long,march,towards,justice,
lives,lost,country,covid,today,honor,please,join,moment,silence,noon,lament,k,
doctors,nurses,bus,drivers,cashiers,mothers,fathers,siblings,grandparents,aunts,uncles,cousins,friends,neighbors,colleagues,lives,lost,covid,never,forgotten,dayofmourning,lament,k,
brutal,slayings,ve,witnessed,recent,weeks,almost,much,bear,now,ever,silent,turn,heads,tragedy,george,floyd,s,life,mattered,breonna,taylor,s,life,mattered,ahmaud,arbery,s,life,mattered,blacklivesmatter,
today,marks,first,day,pridemonth,time,celebrate,far,lgbtq,community,come,recognize,much,needs,done,m,proud,vocal,ally,lgbtq,community,congress,amp,vow,keep,fighting,equality,justice,inclusion,
wrong,country,built,freedom,speech,freedom,assembly,built,protestors,standing,rights,stay,city,blacklivesmatter,
simply,names,list,us,new,york,times,dayofmourning,
today,taking,moment,silence,noon,remember,lives,lost,country,due,covid,able,ask,join,help,keep,memories,passed,alive,dayofmourning,
one,many,names,georgefloyd,s,murder,needs,call,action,put,end,racism,police,brutality,amp,white,supremacy,america,blacklivesmatter,saytheirnames,sayhername,
today,start,pridemonth,time,celebrate,far,ve,come,nation,recognizing,rights,amp,dignity,lgbtq,americans,pride,month,different,due,covid,let,s,recommit,fighting,full,equality,people,
ma,ana,las,pm,hora,local,en,houston,vamos,tener,una,reuni,n,virtual,comunitaria,con,telemundohou,sobre,covid,y,la,inequidad,y,desafios,en,la,comunidad,latina,puedes,ver,esta,reuni,n,virtual,en,vivo,ma,ana,en,
people,lost,covid,just,statistic,mothers,fathers,grandparents,neighbors,teachers,friends,take,moment,remember,honor,today,lament,k,
hospitals,virginia,seeing,big,jumps,number,asymptomatic,people,test,positive,without,testing,lives,lost,dayofmourning,
lives,lost,country,covid,virginia,lost,people,today,honor,lives,never,forgotten,lament,k,dayofmourning,
doctors,nurses,bus,drivers,cashiers,mothers,fathers,siblings,grandparents,aunts,uncles,cousins,friends,neighbors,colleagues,lives,lost,never,forgotten,dayofmourning,
country,lost,lives,covid,today,national,dayofmourning,take,moment,silence,noon,grieve,remember,passed,due,terrible,pandemic,
today,pause,honor,american,lives,including,rhode,islanders,ve,tragically,lost,covid,many,families,grieve,solitude,weremember,
today,weremember,american,lives,lost,covid,national,dayofmourning,pay,tribute,amp,grieve,together,
first,day,pridemonth,remember,pride,just,celebration,deep,roots,protest,people,color,continue,stand,lgbtq,community,ongoing,fight,equal,rights,
blacklivesmatter,march,long,branch,sunday,peaceful,largely,true,new,jersey,protests,murder,george,floyd,pleased,see,former,colleague,attorney,general,keithellison,now,prosecuting,minneapolis,
rt,housedemocrats,racism,plagued,nation,since,founding,can,must,better,can,must,us,individuals,families,communities,elected,officials,responsibility,make,change,fight,justice,blacklivesmatter,
rt,cagovernor,live,now,governor,gavinnewsom,provides,update,demonstrations,across,state,california,s,response,covid,
exhibit,
continue,raise,voices,police,brutality,country,blacklivesmatter,demand,justice,
need,give,victims,abuse,support,need,especially,domestic,violence,shelters,face,increased,strain,covid,ve,joined,sengarypeters,calling,funding,programs,support,domestic,violence,survivors,amp,pets,
pride,one,parade,one,month,love,acceptance,show,towards,others,matter,circumstances,happy,pridemonth,amazing,pinellas,lgbtq,community,
right,call,govrondesantis,thank,extending,eviction,moratorium,july,st,necessary,measure,floridians,unemployed,covid,receiving,benefits,guaranteed,cares,act,
state,florida,s,covid,testing,plan,due,hhs,days,enactment,h,r,bill,signed,law,april,today,wrote,govrondesantis,urging,release,state,s,plan,protect,floridians,ensure,transparency,
let,s,channel,outrage,action,address,inequality,improve,access,health,care,expand,opportunities,education,boost,wages,blacklivesmatter,
pridemonth,honor,led,lgbtq,movement,closer,equality,willingness,challenge,status,quo,make,americans,uncomfortable,engage,widespread,protest,reason,much,progress,made,
today,weremember,americans,ohioans,lost,lives,covid,friends,neighbors,parents,grandparents,daughters,sons,please,join,moment,silence,across,nation,honor,memory,
rt,donaldnorcross,lives,lost,country,covid,doctors,nurses,bus,drivers,cashiers,mothers,fathers,siblings,grandparents,aunts,uncles,cousins,friends,neighbors,colleagues,today,honor,lives,never,forgotten,lament,k,
lives,lost,country,covid,doctors,nurses,bus,drivers,cashiers,mothers,fathers,siblings,grandparents,aunts,uncles,cousins,friends,neighbors,colleagues,today,honor,lives,never,forgotten,lament,k,
cbsusvi,interview,mattknoedler,discussing,impact,covid,puerto,rico,s,economy,
today,marks,beginning,pridemonth,s,going,look,different,fight,lgbtq,equality,doesn,t,stop,moment,crisis,
today,nation,joining,together,moment,silence,honor,coronavirus,victims,see,anger,frustration,spread,across,country,s,important,now,ever,come,together,show,can,stand,one,nation,united,
rt,countyofla,get,latest,covid,la,county,tune,pm,updates,
lives,lost,country,covid,today,honor,doctors,nurses,families,friends,neighbors,colleagues,lives,never,forgotten,dayofmourning,lament,k,
moment,justice,root,systemic,racism,every,institution,country,work,done,honor,join,reverend,anderson,realgorgeousdre,community,leaders,georgefloyd,vigil,firstameseattle,
battle,two,pandemics,covid,virus,scourge,racism,president,trump,s,decision,invoke,insurrection,act,inflammatory,rhetoric,proves,lead,us,tumultuous,times,unite,country,
lives,lost,country,covid,today,honor,lives,never,forgotten,lament,k,
community,reeling,events,past,week,addition,global,pandemic,taken,lives,americans,able,join,noon,observing,moment,silence,remember,lives,amp,stories,dayofmourning,
st,paul,s,free,meal,service,families,need,available,pm,today,resume,regular,schedule,tomorrow,details,
nearly,nation,s,covid,deaths,tied,nursing,homes,vulnerable,long,term,care,residents,workers,crying,help,months,trump,administration,s,inexplicable,delay,publishing,covid,data,nursing,homes,national,disgrace,
doctors,nurses,bus,drivers,cashiers,mothers,fathers,siblings,grandparents,aunts,uncles,cousins,friends,neighbors,colleagues,today,observe,national,day,mourning,lament,honor,fallen,covid,dayofmourning,lament,k,
today,observe,june,st,national,day,mourning,lament,lives,lost,country,covid,doctors,nurses,parents,grandparents,siblings,friends,neighbors,never,forgotten,dayofmourning,
weremember,americans,lost,lives,covid,behind,staggering,death,toll,mourning,loss,loved,ones,encourage,granite,staters,join,honoring,impacted,w,national,moment,silence,today,noon,
senatemajldr,must,allow,senate,work,providing,relief,cities,states,communities,hard,hit,covid,face,severe,funding,gaps,threaten,ability,provide,essential,services,residents,
took,moment,silence,noon,today,remember,lives,lost,country,due,covid,able,ask,join,help,keep,memories,passed,alive,dayofmourning,
today,marks,first,day,pridemonth,today,reaffirm,commitment,fighting,lgbtq,equality,continue,fight,justice,civil,rights,people,
re,recognizing,moment,silence,remember,american,lives,ve,lost,covid,parents,children,family,members,friends,people,new,york,across,country,re,praying,families,weremember,
outcry,justice,among,african,americans,reached,boiling,point,malicious,killing,george,floyd,hands,vow,protect,us,intolerable,officers,watched,just,guilty,want,deserve,demand,justice,georgefloyd,
yesterday,participated,peaceful,demonstration,calling,justice,georgefloyd,week,taking,part,several,forums,led,leaders,black,community,listen,learn,see,hear,m,
collectively,grieve,weekend,pain,shed,light,nation,s,deep,fissures,may,take,moment,remember,lives,lost,country,due,covid,dayofmourning,
today,weremember,american,lives,lost,covid,wisconsin,mourns,loss,many,including,george,matthews,milwaukee,advocate,army,veteran,passed,away,result,complications,covid,dayofmourning,
last,night,joined,shannonbream,discuss,urgent,need,restore,law,order,across,nation,importance,building,trust,community,law,enforcement,watch,
murder,georgefloyd,yet,another,example,police,brutality,amp,systemic,racism,persists,country,around,world,contra,costa,people,rightfully,amp,peacefully,protesting,racial,justice,
remember,names,
today,observe,june,st,national,day,mourning,lament,honor,fallen,covid,dayofmourning,lament,k,
doctors,nurses,bus,drivers,cashiers,mothers,fathers,siblings,grandparents,aunts,uncles,cousins,friends,neighbors,colleagues,american,lives,lost,coronavirus,never,forgotten,dayofmourning,
pridemonth,let,us,remember,leaders,like,marsha,p,johnson,black,trans,woman,helped,spark,lgbtq,rights,movement,stonewall,riots,today,must,keep,fighting,end,violence,discrimination,forms,still,much,done,
join,jimwallis,people,faith,walks,lament,k,moment,mourning,lament,pandemic,disease,racism,still,overcome,pray,country,
just,one,one,many,must,better,
doctors,nurses,bus,drivers,cashiers,mothers,fathers,siblings,grandparents,aunts,uncles,cousins,friends,neighbors,colleagues,american,lives,lost,none,deserves,statistic,let,us,ensure,re,honored,remembered,dayofmourning,
friends,reppressley,repbarbaralee,ilhan,repkarenbass,absolutely,tireless,dogged,pursuit,justice,proud,stand,original,cosponsor,critical,resolution,congress,must,swiftly,loudly,affirm,blacklivesmatter,
continue,allow,authorized,uncapped,guestworker,program,incentivize,employment,discriminating,u,s,citizens,million,americans,work,end,optional,practical,training,opt,program,
ll,continue,working,leaders,nevada,across,nation,protect,rights,freedoms,lgbtq,individuals,happy,pridemonth,
m,proud,progress,nevada,made,lgbtq,equality,existing,national,patchwork,protections,sufficient,ensure,lgbtq,individuals,can,live,free,discrimination,
now,every,june,honor,efforts,lgbtq,individuals,across,country,unapologetically,celebrate,beauty,vibrancy,community,incalculable,contributions,made,nation,
today,weremember,faces,pandemic,reflect,lives,impact,communities,click,link,read,stories,share,story,help,honor,memory,someone,may,lost,due,covid,
introduced,bill,senbrianschatz,sen,marshablackburn,sen,chriscoons,calling,america,pay,tribute,victims,covid,moment,silence,today,pm,
mourn,loss,family,members,friends,community,members,due,covid,pandemic,s,important,remember,victims,virus,just,number,just,statistic,
june,pridemonth,celebrating,lgbtq,community,courageous,activism,countless,americans,stood,fought,equality,lgbtq,community,see,love,always,fight,
may,pause,today,remember,lives,lost,country,due,covid,one,parent,grandparent,sibling,child,valued,community,member,must,work,prevent,lives,lost,dayofmourning,
today,take,moment,remember,americans,lost,due,covid,able,ask,join,moment,silence,noon,think,lost,mourn,loved,ones,dayofmourning,
americans,died,covid,black,amp,brown,families,amp,communities,suffered,worst,crisis,today,remember,family,friends,amp,neighbors,ve,lost,amp,recognize,country,s,pain,amp,grief,time,tragedy,dayofmourning,
joined,demonstrations,calling,justice,georgefloyd,loved,ones,others,lost,lives,unjustly,hear,mourn,
rt,capac,long,black,brown,lives,considered,disposable,pleas,whether,kneeling,peacefully,shouting,streets,ignored,aapis,stand,w,people,demanding,justice,georgefloyd,amp,many,others,like,
today,observe,june,st,national,day,mourning,honor,fallen,covid,dayofmourning,
rt,grahamallen_,antifa,officially,terrorists,repmattgaetz,joins,us,discuss,riots,dear,america,
today,mourn,loss,americans,marylanders,covid,mourn,ve,lost,parents,grandparents,children,friends,amp,valued,members,communities,continued,fight,pandemic,must,never,forget,memory,
weremember,u,s,lives,lost,covid,remember,marlowe,stoudamire,yr,old,dedicated,life,amp,talent,projects,strengthened,detroit,may,beloved,michiganders,ve,lost,covid,rest,peace,
years,stonewall,pridemonth,celebrated,testament,progress,ve,achieved,fight,bigotry,amp,discrimination,stands,reminder,work,remains,achieve,full,equality,lgbtq,people,americans,
across,country,americans,protesting,end,pattern,racial,injustice,brutality,saw,recently,murder,georgefloyd,yet,time,country,cries,unification,president,ripping,apart,
getting,folks,back,work,critical,reinvigorating,economy,ve,cosponsored,repkevinbrady,s,back,work,bonus,proposal,incentivize,temporarily,unemployed,return,work,help,main,street,rebuild,wake,covid,
realdonaldtrump,deployed,hospital,ships,front,lines,covid,ny,la,crews,provide,high,quality,health,care,heavily,impacted,areas,nation,owes,debt,gratitude,commitment,saving,lives,
anything,causes,death,high,rate,public,health,problem,includes,police,brutality,racism,public,health,issue,blacklivesmatter,
join,namiwashington,s,brad,forbes,amp,wa,state,psychological,association,s,dr,shapiro,live,discussion,mental,health,time,covid,details,
happy,pridemonth,confront,racism,amp,police,brutality,let,s,remember,pride,started,stonewall,let,s,celebrate,queer,people,color,led,way,honor,bravery,amp,leadership,promoting,inclusive,movement,equality,
congress,promised,publication,full,data,impact,covid,america,s,nursing,homes,amp,assisted,living,facilities,end,may,well,s,june,still,don,t,can,accurately,equip,amp,assist,seniors,gop,admin,won,t,even,give,us,facts,
three,policemen,accessories,georgefloyd,s,murder,going,arrested,
terrance,floyd,brother,georgefloyd,just,delivered,powerful,poignant,message,protesters,don,t,wild,best,way,make,voices,heard,vote,
pridemonth,begins,let,s,celebrate,progress,nation,made,since,stonewall,let,s,also,reflect,injustices,remain,work,done,every,lgbtq,individual,rights,opportunities,every,american,
stand,terrence,floyd,brother,georgefloyd,moving,call,peace,unity,action,across,united,states,realdonaldtrump,take,notes,real,leadership,looks,like,
today,noon,taking,moment,silence,remember,american,lives,lost,covid,able,join,help,keep,memories,ve,lost,alive,dayofmourning,
today,marks,beginning,pridemonth,lot,progress,proud,fight,equality,far,must,keep,fighting,americans,can,live,dignity,world,free,homophobia,transphobia,biphobia,
systemic,racism,caused,things,like,calling,cops,unarmed,black,man,life,threatening,country,built,foundation,white,supremacy,s,time,change,blacklivesmatter,
must,listen,youth,future,deserve,future,commit,show,blacklivesmatter,thank,youth,district,leading,way,photos,youth,led,rally,oakland,tech,high,school,today,
today,start,pridemonth,time,celebrate,hard,fought,strides,lgbtq,rights,let,month,reminder,fight,justice,isn,t,always,popular,equal,treatment,law,worth,fighting,
enough,us,reject,prejudice,must,go,dedicate,actions,work,right,injustice,dismantle,policies,systems,drive,inequality,health,disparities,violence,black,lives,blacklivesmatter,
find,covid,testing,site,neighborhood,visit,
americans,lost,lives,covid,just,names,list,loved,ones,neighbors,forever,lost,world,today,honor,memories,mourn,loss,facing,many,american,families,dayofmourning,
lives,lost,country,covid,today,honor,ensure,lives,never,forgotten,lost,loved,ones,country,stands,always,simply,names,list,us,dayofmourning,
ve,secured,billions,federal,aid,help,nevadans,covid,re,woods,yet,amp,means,done,fighting,congress,get,nevadans,relief,need,info,covid,resources,check,resources,guide,
fight,true,equality,goes,beyond,washington,ways,one,must,take,upon,create,compassionate,society,person,needs,fear,life,love,pridemonth,
member,congress,understand,can,must,pass,legislation,improve,protections,lgbtq,americans,like,equality,act,blocking,discriminatory,policies,like,administration,s,transgender,military,ban,
q,need,test,covid,can,get,free,without,symptoms,can,go,yes,insurance,cover,copay,check,beforehand,unsure,number,testing,sites,pg,aac,need,doctor,s,note,others,don,t,six,flags,
communities,color,continue,disproportionately,impacted,covid,longstanding,disparities,health,care,justice,housing,food,security,economic,opportunities,left,families,vulnerable,race,neutral,solutions,won,t,solve,
can,t,condone,violence,destruction,also,shouldn,t,let,small,group,people,detract,message,heart,movement,georgefloyd,still,alive,stand,peaceful,protesters,demanding,change,let,s,bend,arc,history,toward,justice,
statement,potus,intent,invoke,insurrection,act,order,deploy,armed,forces,across,country,response,protests,georgefloyd,s,murder,
trump,police,fire,rubber,bullets,tear,gas,peaceful,protesters,stage,photo,op,thinks,makes,look,big,strong,never,clearer,small,weak,isn,t,s,truth,blacklivesmatter,
way,honor,lives,georgefloyd,others,wrongfully,killed,hands,law,enforcement,americans,work,together,systemic,changes,fight,racism,biased,justice,system,economic,inequality,
today,joined,local,leaders,welcome,two,small,businesses,logan,community,congratulations,southern,charms,jewelry,near,us,furniture,successful,opening,recover,covid,s,uplifting,see,new,businesses,open,doors,
black,community,millions,allies,around,world,see,pain,hear,cries,stand,blacklivesmatter,
join,calls,justice,stand,black,community,demanding,change,america,must,condemn,police,brutality,confront,racism,forms,create,better,safer,just,country,blacklivesmatter,
combat,covid,amp,safely,reopen,nv,s,critical,increase,nevadans,access,ppe,amp,support,small,businesses,m,happy,announce,cares,act,grant,funding,awarded,unr,s,nv,industry,excellence,help,small,manufacturers,produce,ppe,
moments,like,s,clear,must,take,action,must,also,look,inwards,listen,lead,love,blacklivesmatter,
today,weremember,lives,lost,covid,across,united,states,isn,t,just,number,every,single,one,lives,left,loved,ones,legacy,behind,let,s,grieve,mourn,together,vow,forget,
applaud,peaceful,protestors,support,calls,justice,taking,advantage,tragedy,loot,vandalize,criminals,patriots,americans,need,come,together,unity,greater,understanding,let,destruction,end,healing,begin,georgefloyd,
response,call,military,profoundly,dangerous,answer,abject,failure,leadership,blacklivesmatter,
